time_sec,grid_index_16th,lane,type,hold_sec,section,source
0.294,0,0,TAP,,INTRO,NORMAL_V2
1.83,16,1,TAP,,INTRO,NORMAL_V2
2.598,24,2,TAP,,INTRO,NORMAL_V2
3.366,32,2,TAP,,INTRO,NORMAL_V2
4.134,40,1,TAP,,MAIN,NORMAL_V2
4.422,43,0,TAP,,MAIN,HARD_16TH_ODD
5.67,56,2,TAP,,MAIN,NORMAL_V2
5.958,59,0,TAP,,MAIN,HARD_16TH_ODD
6.246,62,1,TAP,,MAIN,NORMAL_V2
6.438,64,1,TAP,,MAIN,NORMAL_V2
7.494,75,1,TAP,,MAIN,HARD_16TH_ODD
7.974,80,0,TAP,,MAIN,NORMAL_V2
8.55,86,2,TAP,,MAIN,NORMAL_V2
8.742,88,1,TAP,,MAIN,NORMAL_V2
9.702,98,2,TAP,,MAIN,HARD_ADD
10.278,104,1,TAP,,MAIN,NORMAL_V2
10.47,106,2,TAP,,MAIN,NORMAL_V2
11.334,115,0,TAP,,MAIN,HARD_16TH_ODD
11.814,120,2,HOLD_CANDIDATE,0.768,MAIN,NORMAL_V2
12.582,128,1,TAP,,MAIN,NORMAL_V2
12.774,130,0,TAP,,MAIN,NORMAL_V2
13.254,135,1,TAP,,MAIN,HARD_16TH_ODD
14.118,144,0,TAP,,MAIN,NORMAL_V2
14.79,151,1,TAP,,MAIN,HARD_16TH_ODD
14.886,152,1,TAP,,MAIN,NORMAL_V2
15.078,154,0,TAP,,MAIN,NORMAL_V2
16.422,168,1,TAP,,MAIN,NORMAL_V2
16.614,170,0,TAP,,MAIN,NORMAL_V2
17.382,178,2,TAP,,MAIN,HARD_ADD
17.958,184,2,TAP,,MAIN,NORMAL_V2
18.246,187,1,TAP,,MAIN,HARD_16TH_ODD
18.726,192,1,TAP,,MAIN,NORMAL_V2
18.918,194,0,TAP,,MAIN,NORMAL_V2
20.262,208,0,TAP,,MAIN,NORMAL_V2
20.454,210,1,TAP,,MAIN,HARD_ADD
21.03,216,1,TAP,,MAIN,NORMAL_V2
21.222,218,2,TAP,,MAIN,NORMAL_V2
22.374,230,0,TAP,,MAIN,NORMAL_V2
22.566,232,1,HOLD_CANDIDATE,0.768,MAIN,NORMAL_V2
22.758,234,2,TAP,,MAIN,HARD_ADD
24.102,248,2,TAP,,MAIN,NORMAL_V2
24.294,250,0,TAP,,MAIN,HARD_ADD
24.678,254,1,TAP,,MAIN,NORMAL_V2
24.87,256,1,TAP,,MAIN,NORMAL_V2
25.446,262,0,TAP,,MAIN,HARD_ADD
26.406,272,0,TAP,,MAIN,NORMAL_V2
26.982,278,2,TAP,,MAIN,NORMAL_V2
27.174,280,1,TAP,,MAIN,NORMAL_V2
27.366,282,2,TAP,,MAIN,HARD_ADD
28.71,296,1,TAP,,MAIN,NORMAL_V2
28.902,298,2,TAP,,MAIN,NORMAL_V2
29.478,304,0,TAP,,MAIN,NORMAL_V2
29.67,306,2,TAP,,MAIN,HARD_ADD
31.014,320,1,TAP,,MAIN,NORMAL_V2
31.206,322,2,TAP,,MAIN,NORMAL_V2
31.59,326,1,TAP,,MAIN,HARD_ADD
32.55,336,0,TAP,,MAIN,NORMAL_V2
32.742,338,1,TAP,,MAIN,HARD_ADD
33.318,344,1,TAP,,MAIN,NORMAL_V2
33.51,346,0,TAP,,MAIN,NORMAL_V2
34.662,358,1,TAP,,MAIN,HARD_ADD
34.854,360,1,HOLD_CANDIDATE,0.768,MAIN,NORMAL_V2
35.046,362,2,TAP,,MAIN,NORMAL_V2
35.622,368,0,TAP,,MAIN,NORMAL_V2
36.582,378,1,TAP,,MAIN,HARD_ADD
37.158,384,1,TAP,,MAIN,NORMAL_V2
37.35,386,2,TAP,,MAIN,NORMAL_V2
38.694,400,0,TAP,,MAIN,NORMAL_V2
38.886,402,1,TAP,,MAIN,HARD_ADD
39.462,408,1,TAP,,MAIN,NORMAL_V2
39.654,410,2,TAP,,MAIN,NORMAL_V2
40.422,418,1,TAP,,MAIN,HARD_ADD
40.806,422,2,TAP,,MAIN,NORMAL_V2
40.998,424,1,TAP,,MAIN,NORMAL_V2
41.766,432,0,TAP,,MAIN,NORMAL_V2
42.342,438,2,TAP,,MAIN,HARD_ADD
43.11,446,1,TAP,,MAIN,NORMAL_V2
43.302,448,1,TAP,,MAIN,NORMAL_V2
43.878,454,0,TAP,,MAIN,HARD_ADD
44.838,464,0,TAP,,MAIN,NORMAL_V2
45.414,470,2,TAP,,MAIN,NORMAL_V2
45.606,472,1,TAP,,MAIN,NORMAL_V2
45.798,474,0,TAP,,MAIN,HARD_ADD
46.95,486,2,TAP,,MAIN,HARD_ADD
47.142,488,1,TAP,,MAIN,NORMAL_V2
47.334,490,0,TAP,,MAIN,NORMAL_V2
47.91,496,0,TAP,,MAIN,NORMAL_V2
48.87,506,0,TAP,,MAIN,HARD_ADD
49.446,512,1,TAP,,MAIN,NORMAL_V2
49.638,514,2,TAP,,MAIN,NORMAL_V2
50.982,528,2,HOLD_CANDIDATE,0.768,BREAK,NORMAL_V2
52.518,544,0,HOLD_CANDIDATE,0.768,BREAK,NORMAL_V2
52.71,546,1,TAP,,BREAK,HARD_ADD
53.286,552,2,TAP,,BREAK,NORMAL_V2
54.054,560,1,TAP,,BREAK,NORMAL_V2
55.59,576,2,TAP,,BREAK,NORMAL_V2
56.358,584,1,TAP,,SECOND_DROP,NORMAL_V2
56.55,586,2,TAP,,SECOND_DROP,NORMAL_V2
57.03,591,1,TAP,,SECOND_DROP,HARD_16TH_ODD
57.894,600,2,TAP,,SECOND_DROP,NORMAL_V2
58.182,603,0,TAP,,SECOND_DROP,HARD_16TH_ODD
58.662,608,1,TAP,,SECOND_DROP,NORMAL_V2
58.854,610,2,TAP,,SECOND_DROP,NORMAL_V2
59.814,620,0,TAP,,SECOND_DROP,NORMAL_V2
60.198,624,1,TAP,,SECOND_DROP,NORMAL_V2
61.062,633,1,TAP,,SECOND_DROP,HARD_16TH_ODD
61.158,634,1,TAP,,SECOND_DROP,NORMAL_V2
61.734,640,1,TAP,,SECOND_DROP,NORMAL_V2
62.502,648,0,TAP,,SECOND_DROP,NORMAL_V2
62.694,650,2,TAP,,SECOND_DROP,NORMAL_V2
63.27,656,1,TAP,,SECOND_DROP,NORMAL_V2
63.942,663,2,TAP,,SECOND_DROP,HARD_16TH_ODD
64.038,664,2,TAP,,SECOND_DROP,NORMAL_V2
64.998,674,0,TAP,,SECOND_DROP,NORMAL_V2
65.574,680,1,TAP,,SECOND_DROP,NORMAL_V2
65.958,684,2,TAP,,SECOND_DROP,NORMAL_V2
66.822,693,0,TAP,,SECOND_DROP,HARD_16TH_ODD
67.11,696,0,TAP,,SECOND_DROP,NORMAL_V2
67.302,698,1,HOLD_CANDIDATE,0.768,SECOND_DROP,NORMAL_V2
67.878,704,2,TAP,,SECOND_DROP,NORMAL_V2
68.454,710,0,TAP,,SECOND_DROP,NORMAL_V2
69.414,720,2,TAP,,SECOND_DROP,NORMAL_V2
69.702,723,1,TAP,,SECOND_DROP,HARD_16TH_ODD
70.758,734,0,TAP,,SECOND_DROP,NORMAL_V2
70.95,736,1,TAP,,SECOND_DROP,NORMAL_V2
71.718,744,2,TAP,,SECOND_DROP,NORMAL_V2
72.006,747,0,TAP,,SECOND_DROP,HARD_16TH_ODD
72.486,752,0,TAP,,SECOND_DROP,NORMAL_V2
73.062,758,2,TAP,,SECOND_DROP,NORMAL_V2
73.254,760,2,HOLD_CANDIDATE,0.768,SECOND_DROP,NORMAL_V2
74.79,776,2,TAP,,SECOND_DROP,NORMAL_V2
74.982,778,1,TAP,,SECOND_DROP,NORMAL_V2
75.174,780,0,TAP,,SECOND_DROP,NORMAL_V2
75.366,782,2,TAP,,SECOND_DROP,HARD_ADD
76.326,792,2,TAP,,SECOND_DROP,NORMAL_V2
76.71,796,1,TAP,,SECOND_DROP,NORMAL_V2
77.094,800,2,TAP,,SECOND_DROP,HARD_ADD
77.286,802,2,TAP,,SECOND_DROP,NORMAL_V2
77.862,808,2,TAP,,SECOND_DROP,NORMAL_V2
78.246,812,1,TAP,,SECOND_DROP,NORMAL_V2
78.822,818,0,TAP,,SECOND_DROP,HARD_ADD
79.398,824,0,TAP,,SECOND_DROP,NORMAL_V2
79.59,826,1,TAP,,SECOND_DROP,NORMAL_V2
80.166,832,1,TAP,,OUTRO,NORMAL_V2
80.934,840,2,TAP,,OUTRO,NORMAL_V2
81.414,845,1,TAP,,OUTRO,HARD_16TH_ODD
81.702,848,1,HOLD_CANDIDATE,0.768,OUTRO,NORMAL_V2
82.47,856,0,TAP,,OUTRO,NORMAL_V2
83.238,864,2,TAP,,OUTRO,NORMAL_V2
84.006,872,1,TAP,,OUTRO,NORMAL_V2
85.254,885,2,TAP,,OUTRO,HARD_16TH_ODD
85.542,888,0,TAP,,OUTRO,NORMAL_V2
86.31,896,1,TAP,,OUTRO,NORMAL_V2
87.078,904,2,TAP,,OUTRO,NORMAL_V2
87.846,912,1,TAP,,OUTRO,NORMAL_V2
88.614,920,0,TAP,,OUTRO,NORMAL_V2
88.998,924,2,TAP,,OUTRO,HARD_ADD
89.382,928,2,TAP,,OUTRO,NORMAL_V2
